Patient,Intracranial Volume (mm³),Number of lesions,Total lesion load [%],Total lesion volume (mm³),Average lesion volume (mm³),Std lesion volume (mm³),Total lesion surface (mm²),Average lesion surface (mm²),Std lesion surface (mm²),Average lesion compactness,Std lesion compactness
007,1798814.25,35,3.951352953758288,71077.5,2030.7857142857142,7633.41046986228,41721.1963019371,1192.0341800553458,3913.3213928540495,0.6059790317999946,1.2603120613624503
018,1777467.375,41,4.607742800342538,81901.125,1997.5884146341464,8384.489542445683,46873.38106942177,1143.253196815165,4416.483264232952,0.6806087429837294,1.133309634808512
027,1784268.0,49,1.9774075419163488,35282.25,720.045918367347,2065.461571260959,30327.476841688156,618.9280988099624,1542.916276531885,1.5325570862142246,2.8931220478245097
032,1785132.0,41,0.7208920684856919,12868.875,313.875,587.8424786672105,13321.34947836399,324.9109628869266,466.0059927440425,1.2776392889222707,3.423702712214988
034,1782600.75,37,0.7094199304022507,12646.125,341.7871621621622,847.2595054936706,14868.017234802246,401.83830364330396,942.5587677944084,0.80960027170274,1.4472647907278466
